{"cameraMode":{"drawMode":0,"name":"Shaded","section":"Shading Mode"},"sceneLighting":true,"audioPlay":false,"sceneViewState":{"m_AlwaysRefresh":false,"showFog":true,"showSkybox":true,"showFlares":true,"showImageEffects":true,"showParticleSystems":true,"showVisualEffectGraphs":true,"m_FxEnabled":true},"in2DMode":false,"pivot":{"x":1.6516473293304444,"y":0.3236865997314453,"z":3.7494935989379885},"rotation":{"x":-0.03595566377043724,"y":-0.2819794714450836,"z":0.010622471570968628,"w":-0.9587391018867493},"size":3.320780038833618,"orthographic":false}