{"cameraMode":{"drawMode":0,"name":"Shaded","section":"Shading Mode"},"sceneLighting":true,"audioPlay":false,"sceneViewState":{"m_AlwaysRefresh":false,"showFog":true,"showSkybox":true,"showFlares":true,"showImageEffects":true,"showParticleSystems":true,"showVisualEffectGraphs":true,"m_FxEnabled":true},"in2DMode":false,"pivot":{"x":-0.07133229821920395,"y":2.0749664306640627,"z":23.736696243286134},"rotation":{"x":0.06444016844034195,"y":0.7907940745353699,"z":-0.08453909307718277,"w":0.6027837991714478},"size":3.3241989612579347,"orthographic":false}