{"cameraMode":{"drawMode":0,"name":"Shaded","section":"Shading Mode"},"sceneLighting":true,"audioPlay":false,"sceneViewState":{"m_AlwaysRefresh":false,"showFog":true,"showSkybox":true,"showFlares":true,"showImageEffects":true,"showParticleSystems":true,"showVisualEffectGraphs":true,"m_FxEnabled":true},"in2DMode":false,"pivot":{"x":415.61358642578127,"y":234.29913330078126,"z":5.04281759262085},"rotation":{"x":0.026982154697179796,"y":0.03030611388385296,"z":0.0009043727768585086,"w":-0.9992390871047974},"size":477.2965393066406,"orthographic":true}