{"cameraMode":{"drawMode":0,"name":"Shaded","section":"Shading Mode"},"sceneLighting":true,"audioPlay":false,"sceneViewState":{"m_AlwaysRefresh":false,"showFog":true,"showSkybox":true,"showFlares":true,"showImageEffects":true,"showParticleSystems":true,"showVisualEffectGraphs":true,"m_FxEnabled":true},"in2DMode":false,"pivot":{"x":252.48599243164063,"y":173.1580352783203,"z":-156.353271484375},"rotation":{"x":0.0022763453889638187,"y":-0.3140888214111328,"z":0.000753197236917913,"w":0.9493899941444397},"size":4.603578090667725,"orthographic":false}