{"cameraMode":{"drawMode":0,"name":"Shaded","section":"Shading Mode"},"sceneLighting":true,"audioPlay":false,"sceneViewState":{"m_AlwaysRefresh":false,"showFog":true,"showSkybox":true,"showFlares":true,"showImageEffects":true,"showParticleSystems":true,"showVisualEffectGraphs":true,"m_FxEnabled":true},"in2DMode":false,"pivot":{"x":-1.1645867824554444,"y":0.8375939130783081,"z":1.145176649093628},"rotation":{"x":0.015680372714996339,"y":0.971041202545166,"z":-0.06560949981212616,"w":0.2295660376548767},"size":0.5815624594688416,"orthographic":false}