{"cameraMode":{"drawMode":0,"name":"Shaded","section":"Shading Mode"},"sceneLighting":true,"audioPlay":false,"sceneViewState":{"m_AlwaysRefresh":false,"showFog":true,"showSkybox":true,"showFlares":true,"showImageEffects":true,"showParticleSystems":true,"showVisualEffectGraphs":true,"m_FxEnabled":true},"in2DMode":false,"pivot":{"x":15.098033905029297,"y":-2.3863329887390138,"z":4.010251998901367},"rotation":{"x":0.05965237319469452,"y":0.8473557233810425,"z":-0.09791630506515503,"w":0.5186315178871155},"size":11.180339813232422,"orthographic":false}